Workbook

Sheet 120р медная труба, мкэш, теплои
A1: Министерство | L1: ПАО «Газпром» | AH1: Форма №3.3
A2: Объединение, трест | M2: АО "Газстройпроект" | AH2: Основание: ВСН 012-88 (Часть II)
A3: Участок: | F3: I.II | I3: этап | AN3: Миннефтегазстрой
AH4: Строительство: Аэропортовый комплекс на аэродроме «Левашово»
AH5: Объект: Аэропортовый комплекс на аэродроме «Левашово»
AH6: I этап. Сектор Гражданской авиации (создание технической возможности эксплуатации гражданских судов по МК-258)
AH8: Этап I.II.
Z9: АКТ № | AF9: АИР 1.2-61.17-ОВ3/120р
A10: о результатах проверки изделий/материалов
A12: Медная труба: Ø6,35; Ø9,52; Ø12,70; Ø15,88; Ø28,58;
A13: Кабель монтажный экранированный МКЭШ 3х0,75;
A14: Кабель ВВГнг(А)-LS 5х1,5;
A15: Труба ПВХ гофрированная d20
A16: Изделия теплоизоляционные на основе вспененного синтетического каучука Unionflex STD, толщина 9 мм ООО «Юнион
A17: Полимер Технолоджи»: для труб Ø6,35 09х006, для труб Ø9,52 09х010, для труб Ø12,70 09х012, для труб Ø15,88 09х018,
A18: для труб Ø28,58 09х028
A20: на соответствие техдокументации
AA21: от | AE21: 45337 | BW21: =AE21 -> 45337
A22: Составлен представителями:
A23: строительной организации | S23: =VLOOKUP(BJ23,подписанты!$B$3:$C$11,2,FALSE) -> Ведущий инженер МТО АО «Газстройпроект» | BJ23: Журавлев Ю.С.
T24: (должность, организация, фамилия, инициалы)
A25: службы контроля качества | S25: =VLOOKUP(BJ25,подписанты!$B$3:$C$11,2,FALSE) -> Инженер отдела технического надзора АО «Газстройпроект» | BJ25: Халыгов Э. А.
T26: (должность, организация, фамилия, инициалы)
A27: заказчика | S27: =VLOOKUP(BJ27,подписанты!$B$3:$C$11,2,FALSE) -> Начальник отдела организации и контроля материально-технического обеспечения Управления по реализации проектов авиационной инфраструктуры ГГС | BJ27: Тюкин Е.В.
T28: (должность, организация, фамилия, инициалы)
A29: в том, что произведен | O29: сплошной | BQ29: осмотр | BY29: Конструкив - сплошной вне зависимости объёма материала Выборочный при больших партиях (труб, штукатурки и т.д.), остальное сплошной
E30: (сплошной, выборочный )
A31: Труба медная бесшовная: Ø6,35 - 39,6 м; Ø9,52 - 45,9 м; Ø12,70 - 39,6 м; Ø15,88 - 53,8 м; Ø28,58 - 8,4 м;
A32: Кабель монтажный экранированный МКЭШ - 120 м;
A33: Кабель ВВГнг(А)-LS - 10 м;
A34: Труба ПВХ гофрированная - 130 м;
A35: Изделия теплоизоляционные на основе вспененного синтетического каучука Unionflex STD, толщина 9 мм ООО «Юнион
A36: Полимер Технолоджи»: для труб Ø6,35 09х006 - 39,6 м, для труб Ø9,52 09х010 - 45,9 м, для труб Ø12,70 09х012 - 39,6 м, для
A37: труб Ø15,88 09х018 - 53,8 м, для труб Ø28,58 09х028 - 8,4 м
A39: предназначенных проектом № | U39: ПП2020РД-1.2-61.17-ОВ3, ПП2020РД-1.2-61.17-ОВ3.СО изм. 2 лист 2 | BY39: Шифр РД, изм., листы, Учётный лист ЖАН, письмо ООО "Газпром Инвест", письмо ООО "Транссроймеханизации" - при наличии
P40: (номер проекта, чертежа, дата)
A41: для строительства на участке : | U41: Этап I.II. Служебное здание АС
A42: (привязка, км/ПК)
D43: 1. Осмотром геометрических размеров и маркировки:
A44: совместно с проектом и сопроводительной документацией: | AK44: сертификат качества №ICG000637 от 22.03.2023, сертификат | BY44: Примеры написания:
A45: качества №ICG000933 от 25.05.2023, сертификат качества №ICG000645 от 22.03.2023, сертификат качества №ICG000953
A46: от 23.05.2023, сертификат качества №ICG000922 от 12.04.2023, сертификат соответствия №РОСС UZ.HА39.H00489 с 03.12.2021
A47: по 02.12.2024, паспорт качества №000549633 от 14.12.2023, сертификат соответствия №ЕАЭС RU C-RU.ME77.B.01210/22 | BY47: Паспорт №__ от __.__.____ г. Паспорт №б/н от __.__.____ г. на партию №__ Паспорт №б/н на партию №__ от __.__.____ г. Паспорт №б/н от __.__.____ г. (заводской номер №__)
A48: с 27.09.2022 по 26.09.2027, паспорт качества №000138437 от 16.10.2023, сертификат соответствия №ССБК.RU.ПБ24.Н00389
A49: с 14.10.2020 по 13.10.2025, паспорт качества №91920 от 19.10.2023, сертификат соответствия
A50: №ЕАЭС RU C-RU.ПБ68.В.00559/21 с 04.10.2021 по 15.03.2026, паспорт качества №767 от 18.09.2023, паспорт качества №719 от
A51: 23.09.2023, паспорт качества №752 от 19.09.2023, паспорт качества №753 от 20.09.2023, паспорт качества №756 от 27.09.2023,
A52: сертификат соответствия №АПБ.RU.OC002/4.H.01563 с 29.09.2021 по 28.09.2024, сертификат соответствия
A53: № 04ИДЮ13.RU.C00354 с 24.03.2021 по 23.03.2024, экспертное заключение №002182 от 17.05.2021.
A54: (сертификатами, паспортами)
A55: на изделия установлено,
A56: что | D56: =A31 -> Труба медная бесшовная: Ø6,35 - 39,6 м; Ø9,52 - 45,9 м; Ø12,70 - 39,6 м; Ø15,88 - 53,8 м; Ø28,58 - 8,4 м;
A57: =A32 -> Кабель монтажный экранированный МКЭШ - 120 м;
A58: =A33 -> Кабель ВВГнг(А)-LS - 10 м;
A59: =A34 -> Труба ПВХ гофрированная - 130 м;
A60: =A35 -> Изделия теплоизоляционные на основе вспененного синтетического каучука Unionflex STD, толщина 9 мм ООО «Юнион
A61: =A36 -> Полимер Технолоджи»: для труб Ø6,35 09х006 - 39,6 м, для труб Ø9,52 09х010 - 45,9 м, для труб Ø12,70 09х012 - 39,6 м, для
A62: =A37 -> труб Ø15,88 09х018 - 53,8 м, для труб Ø28,58 09х028 - 8,4 м
D63: (трубы, детали, силовые пояса и т.д.)
A65: по своим геометрическим размерам | Y65: медная труба Ø6,35; Ø9,52; Ø12,7; Ø15,88; Ø28,58; кабель МКЭШ 3х0,75;
Y66: кабель ВВГнг(А)-LS 5х1,5; труба ПВХ Ø20; Изделия теплоизоляционные Ø6,35 09х006,
Y67: Ø9,52 09х010, Ø12,70 09х012, Ø15,88 09х018, Ø28,58 09х028
Y68: (для труб указать диаметр, толщину стенки, мм, для отводов - угол изгиба, град. и т.д.)
A69: и номеру технических условий, указанному на изделии, | AJ69: соответствует | AT69: проекту (соответствует, не соответствует)
A70: рабочие чертежи № | Q70: =U39 -> ПП2020РД-1.2-61.17-ОВ3, ПП2020РД-1.2-61.17-ОВ3.СО изм. 2 лист 2
D71: 2.Сопроводительная документация: | AA71: =AK44 -> сертификат качества №ICG000637 от 22.03.2023, сертификат
A72: =A45 -> качества №ICG000933 от 25.05.2023, сертификат качества №ICG000645 от 22.03.2023, сертификат качества №ICG000953
A73: =A46 -> от 23.05.2023, сертификат качества №ICG000922 от 12.04.2023, сертификат соответствия №РОСС UZ.HА39.H00489 с 03.12.2021
A74: =A47 -> по 02.12.2024, паспорт качества №000549633 от 14.12.2023, сертификат соответствия №ЕАЭС RU C-RU.ME77.B.01210/22
A75: =A48 -> с 27.09.2022 по 26.09.2027, паспорт качества №000138437 от 16.10.2023, сертификат соответствия №ССБК.RU.ПБ24.Н00389
A76: =A49 -> с 14.10.2020 по 13.10.2025, паспорт качества №91920 от 19.10.2023, сертификат соответствия
A77: =A50 -> №ЕАЭС RU C-RU.ПБ68.В.00559/21 с 04.10.2021 по 15.03.2026, паспорт качества №767 от 18.09.2023, паспорт качества №719 от
A78: =A51 -> 23.09.2023, паспорт качества №752 от 19.09.2023, паспорт качества №753 от 20.09.2023, паспорт качества №756 от 27.09.2023,
A79: =A52 -> сертификат соответствия №АПБ.RU.OC002/4.H.01563 с 29.09.2021 по 28.09.2024, сертификат соответствия
A80: =A53 -> № 04ИДЮ13.RU.C00354 с 24.03.2021 по 23.03.2024, экспертное заключение №002182 от 17.05.2021.
V81: (паспорта, сертификаты) | BY81: трубы: диаметр 25 мм толщ. 3 мм, диаметр 32 мм толщ. 4 мм
A82: имеется в полном комплекте. | BY82: По поворотам, отводам и т.д. необходимо уточнее в МТО ГСП
D83: 3. Характеристики механических свойств | AD83: по данным сопроводительной документации
J84: (по данным сопроводительной документации, при необходимости - результатам испытаний)
A85: соответствуют требованиям проекта № | Y85: =U39 -> ПП2020РД-1.2-61.17-ОВ3, ПП2020РД-1.2-61.17-ОВ3.СО изм. 2 лист 2
A86: технических условий | N86: ГОСТ Р 52318-2005; ГОСТ 617-2006; ГОСТ 21646-2003; ГОСТ 10348-80; ТУ 3581-387-00217053-2009; ТР ТС 004/2011;
A87: ГОСТ 31996-2012; ТУ 27.32.13-025-45310838-2020; ГОСТ 31565-2012; ТУ 22.19.20-001-17563055-2020; ГОСТ 30244-94; ГОСТ 30402-96;
A88: ГОСТ 12.1.044-89, ТУ 2247-008-47022248-2002; ТР ЕАЭС 043/2017; ГОСТ Р 53313-2009
A90: Представитель
A91: строительной организации | X91: =BJ23 -> Журавлев Ю.С. | BH91: =AE21 -> 45337
X92: (фамилия, инициалы) | AQ92: (подпись) | BH92: (дата)
A93: Представитель службы
A94: контроля качества | X94: =BJ25 -> Халыгов Э. А. | BH94: =BH91 -> 45337 | BY94: ГОСТ-ы, ТУ, СТО должны быть прописаны в соответствии с РД, если таковые там указаны (так же в документах о качестве должны соответствовать РД)
X95: (фамилия, инициалы) | AQ95: (подпись) | BH95: (дата)
A96: Представитель | BY96: Если в РД отсутствует ГОСТ-ы, ТУ или СТО пишится из паспорта
A97: заказчика | X97: =BJ27 -> Тюкин Е.В. | BH97: =BH91 -> 45337 | BY97: При отсутствиее норматива в РД или паспорта остается пустым
X98: (фамилия, инициалы) | AQ98: (подпись) | BH98: (дата)
A100: ВК произведен в соответствиями с требованиями НТД

Sheet 121р рефнет
A1: Министерство | L1: ПАО «Газпром» | AH1: Форма №3.3
A2: Объединение, трест | M2: АО "Газстройпроект" | AH2: Основание: ВСН 012-88 (Часть II)
A3: Участок: | F3: I.II | I3: этап | AN3: Миннефтегазстрой
AH4: Строительство: Аэропортовый комплекс на аэродроме «Левашово»
AH5: Объект: Аэропортовый комплекс на аэродроме «Левашово»
AH6: I этап. Сектор Гражданской авиации (создание технической возможности эксплуатации гражданских судов по МК-258)
AH8: Этап I.II.
Z9: АКТ № | AF9: АИР 1.2-61.17-ОВ3/121р
A10: о результатах проверки изделий/материалов
A12: Рефнет
A14: на соответствие техдокументации
AA15: от | AE15: 45337 | BW15: =AE15 -> 45337
A16: Составлен представителями:
A17: строительной организации | S17: =VLOOKUP(BJ17,подписанты!$B$3:$C$11,2,FALSE) -> Ведущий инженер МТО АО «Газстройпроект» | BJ17: Журавлев Ю.С.
T18: (должность, организация, фамилия, инициалы)
A19: службы контроля качества | S19: =VLOOKUP(BJ19,подписанты!$B$3:$C$11,2,FALSE) -> Инженер отдела технического надзора АО «Газстройпроект» | BJ19: Халыгов Э. А.
T20: (должность, организация, фамилия, инициалы)
A21: заказчика | S21: =VLOOKUP(BJ21,подписанты!$B$3:$C$11,2,FALSE) -> Начальник отдела организации и контроля материально-технического обеспечения Управления по реализации проектов авиационной инфраструктуры ГГС | BJ21: Тюкин Е.В.
T22: (должность, организация, фамилия, инициалы)
A23: в том, что произведен | O23: сплошной | BQ23: осмотр | BY23: Конструкив - сплошной вне зависимости объёма материала Выборочный при больших партиях (труб, штукатурки и т.д.), остальное сплошной
E24: (сплошной, выборочный )
A25: Рефнет-разветвитель универсальный Y1 - компл.
A27: предназначенных проектом № | U27: ПП2020РД-1.2-61.17-ОВ3.СО изм. лист | BY27: Шифр РД, изм., листы, Учётный лист ЖАН, письмо ООО "Газпром Инвест", письмо ООО "Транссроймеханизации" - при наличии
P28: (номер проекта, чертежа, дата)
A29: для строительства на участке : | U29: Этап I.II. Служебное здание АС
A30: (привязка, км/ПК)
D31: 1. Осмотром геометрических размеров и маркировки:
A32: совместно с проектом и сопроводительной документацией: | AK32: Паспорт изделия № 1632-15 от 23.10.2023; | BY32: Примеры написания:
A33: Сертификат соответствия № РОСС CN.НЕ06.Н04240 с 23.03.2023 по 22.03.2026
A34: (сертификатами, паспортами)
A35: на изделия установлено,
A36: что | D36: =A25 -> Рефнет-разветвитель универсальный Y1 - компл.
D37: (трубы, детали, силовые пояса и т.д.)
A38: по своим геометрическим размерам | Y38: н/п
Y39: (для труб указать диаметр, толщину стенки, мм, для отводов - угол изгиба, град. и т.д.)
A40: и номеру технических условий, указанному на изделии, | AJ40: соответствует | AT40: проекту (соответствует, не соответствует)
A41: рабочие чертежи № | Q41: =U27 -> ПП2020РД-1.2-61.17-ОВ3.СО изм. лист
D42: 2.Сопроводительная документация: | AA42: =AK32 -> Паспорт изделия № 1632-15 от 23.10.2023;
A43: =A33 -> Сертификат соответствия № РОСС CN.НЕ06.Н04240 с 23.03.2023 по 22.03.2026
V44: (паспорта, сертификаты) | BY44: трубы: диаметр 25 мм толщ. 3 мм, диаметр 32 мм толщ. 4 мм
A45: имеется в полном комплекте. | BY45: По поворотам, отводам и т.д. необходимо уточнее в МТО ГСП
D46: 3. Характеристики механических свойств | AD46: по данным сопроводительной документации
J47: (по данным сопроводительной документации, при необходимости - результатам испытаний)
A48: соответствуют требованиям проекта № | Y48: =U27 -> ПП2020РД-1.2-61.17-ОВ3.СО изм. лист
A49: технических условий | N49: ГОСТ 32590-2013; ГОСТ Р 52922-2008
A50: Представитель
A51: строительной организации | X51: =BJ17 -> Журавлев Ю.С. | BH51: =AE15 -> 45337
X52: (фамилия, инициалы) | AQ52: (подпись) | BH52: (дата)
A53: Представитель службы
A54: контроля качества | X54: =BJ19 -> Халыгов Э. А. | BH54: =BH51 -> 45337 | BY54: ГОСТ-ы, ТУ, СТО должны быть прописаны в соответствии с РД, если таковые там указаны (так же в документах о качестве должны соответствовать РД)
X55: (фамилия, инициалы) | AQ55: (подпись) | BH55: (дата)
A56: Представитель | BY56: Если в РД отсутствует ГОСТ-ы, ТУ или СТО пишится из паспорта
A57: заказчика | X57: =BJ21 -> Тюкин Е.В. | BH57: =BH51 -> 45337 | BY57: При отсутствиее норматива в РД или паспорта остается пустым
X58: (фамилия, инициалы) | AQ58: (подпись) | BH58: (дата)
A60: ВК произведен в соответствиями с требованиями НТД

Sheet 122р фреон
A1: Министерство | L1: ПАО «Газпром» | AH1: Форма №3.3
A2: Объединение, трест | M2: АО "Газстройпроект" | AH2: Основание: ВСН 012-88 (Часть II)
A3: Участок: | F3: I.II | I3: этап | AN3: Миннефтегазстрой
AH4: Строительство: Аэропортовый комплекс на аэродроме «Левашово»
AH5: Объект: Аэропортовый комплекс на аэродроме «Левашово»
AH6: I этап. Сектор Гражданской авиации (создание технической возможности эксплуатации гражданских судов по МК-258)
AH8: Этап I.II.
Z9: АКТ № | AF9: АИР 1.2-61.17-ОВ3/122р
A10: о результатах проверки изделий/материалов
A12: Фреон R410A
A14: на соответствие техдокументации
AA15: от | AE15: 45337 | BW15: =AE15 -> 45337
A16: Составлен представителями:
A17: строительной организации | S17: =VLOOKUP(BJ17,подписанты!$B$3:$C$11,2,FALSE) -> Ведущий инженер МТО АО «Газстройпроект» | BJ17: Журавлев Ю.С.
T18: (должность, организация, фамилия, инициалы)
A19: службы контроля качества | S19: =VLOOKUP(BJ19,подписанты!$B$3:$C$11,2,FALSE) -> Инженер отдела технического надзора АО «Газстройпроект» | BJ19: Халыгов Э. А.
T20: (должность, организация, фамилия, инициалы)
A21: заказчика | S21: =VLOOKUP(BJ21,подписанты!$B$3:$C$11,2,FALSE) -> Начальник отдела организации и контроля материально-технического обеспечения Управления по реализации проектов авиационной инфраструктуры ГГС | BJ21: Тюкин Е.В.
T22: (должность, организация, фамилия, инициалы)
A23: в том, что произведен | O23: сплошной | BQ23: осмотр | BY23: Конструкив - сплошной вне зависимости объёма материала Выборочный при больших партиях (труб, штукатурки и т.д.), остальное сплошной
E24: (сплошной, выборочный )
A25: Фреон R410A - 5 кг
A27: предназначенных проектом № | U27: ПП2020РД-1.2-61.17-ОВ3, ПП2020РД-1.2-61.17-ОВ3.СО изм. 2 лист 2 | BY27: Шифр РД, изм., листы, Учётный лист ЖАН, письмо ООО "Газпром Инвест", письмо ООО "Транссроймеханизации" - при наличии
P28: (номер проекта, чертежа, дата)
A29: для строительства на участке : | U29: Этап I.II. Служебное здание АС
A30: (привязка, км/ПК)
D31: 1. Осмотром геометрических размеров и маркировки:
A32: совместно с проектом и сопроводительной документацией: | AK32: паспорт безопасности материала б/н от 11.10.2023, сертификат | BY32: Примеры написания:
A33: соответствия №РОСС RU.32001.04ИБФ1.ОСП18.28370 с 20.01.2023 по 19.01.2026 | BY33: Паспорт №__ от __.__.____ г. Паспорт №б/н от __.__.____ г. на партию №__ Паспорт №б/н на партию №__ от __.__.____ г. Паспорт №б/н от __.__.____ г. (заводской номер №__)
A34: (сертификатами, паспортами)
A35: на изделия установлено,
A36: что | D36: =A25 -> Фреон R410A - 5 кг
D37: (трубы, детали, силовые пояса и т.д.)
A38: по своим геометрическим размерам | Y38: н/п
Y39: (для труб указать диаметр, толщину стенки, мм, для отводов - угол изгиба, град. и т.д.)
A40: и номеру технических условий, указанному на изделии, | AJ40: соответствует | AT40: проекту (соответствует, не соответствует)
A41: рабочие чертежи № | Q41: =U27 -> ПП2020РД-1.2-61.17-ОВ3, ПП2020РД-1.2-61.17-ОВ3.СО изм. 2 лист 2
D42: 2.Сопроводительная документация: | AA42: =AK32 -> паспорт безопасности материала б/н от 11.10.2023, сертификат
A43: =A33 -> соответствия №РОСС RU.32001.04ИБФ1.ОСП18.28370 с 20.01.2023 по 19.01.2026
V44: (паспорта, сертификаты) | BY44: трубы: диаметр 25 мм толщ. 3 мм, диаметр 32 мм толщ. 4 мм
A45: имеется в полном комплекте. | BY45: По поворотам, отводам и т.д. необходимо уточнее в МТО ГСП
D46: 3. Характеристики механических свойств | AD46: по данным сопроводительной документации
J47: (по данным сопроводительной документации, при необходимости - результатам испытаний)
A48: соответствуют требованиям проекта № | Y48: =U27 -> ПП2020РД-1.2-61.17-ОВ3, ПП2020РД-1.2-61.17-ОВ3.СО изм. 2 лист 2
A49: технических условий | N49: -
A51: Представитель
A52: строительной организации | X52: =BJ17 -> Журавлев Ю.С. | BH52: =AE15 -> 45337
X53: (фамилия, инициалы) | AQ53: (подпись) | BH53: (дата)
A54: Представитель службы
A55: контроля качества | X55: =BJ19 -> Халыгов Э. А. | BH55: =BH52 -> 45337 | BY55: ГОСТ-ы, ТУ, СТО должны быть прописаны в соответствии с РД, если таковые там указаны (так же в документах о качестве должны соответствовать РД)
X56: (фамилия, инициалы) | AQ56: (подпись) | BH56: (дата)
A57: Представитель | BY57: Если в РД отсутствует ГОСТ-ы, ТУ или СТО пишится из паспорта
A58: заказчика | X58: =BJ21 -> Тюкин Е.В. | BH58: =BH52 -> 45337 | BY58: При отсутствиее норматива в РД или паспорта остается пустым
X59: (фамилия, инициалы) | AQ59: (подпись) | BH59: (дата)
A61: ВК произведен в соответствиями с требованиями НТД

Sheet 121р помпа, сифон, нагреватель
A1: Министерство | L1: ПАО «Газпром» | AH1: Форма №3.3
A2: Объединение, трест | M2: АО "Газстройпроект" | AH2: Основание: ВСН 012-88 (Часть II)
A3: Участок: | F3: I.II | I3: этап | AN3: Миннефтегазстрой
AH4: Строительство: Аэропортовый комплекс на аэродроме «Левашово»
AH5: Объект: Аэропортовый комплекс на аэродроме «Левашово»
AH6: I этап. Сектор Гражданской авиации (создание технической возможности эксплуатации гражданских судов по МК-258)
AH8: Этап I.II.
Z9: АКТ № | AF9: АИР 1.2-61.17-ОВ3/121р
A10: о результатах проверки изделий/материалов
A12: Дренажный нагреватель HD-50
A13: Сифон McAlpine MRNRV32C-PB
A14: Дренажная помпа Siccom Eco Flowatch
A16: на соответствие техдокументации
AA17: от | AE17: 45337 | BW17: =AE17 -> 45337
A18: Составлен представителями:
A19: строительной организации | S19: =VLOOKUP(BJ19,подписанты!$B$3:$C$11,2,FALSE) -> Ведущий инженер МТО АО «Газстройпроект» | BJ19: Журавлев Ю.С.
T20: (должность, организация, фамилия, инициалы)
A21: службы контроля качества | S21: =VLOOKUP(BJ21,подписанты!$B$3:$C$11,2,FALSE) -> Инженер отдела технического надзора АО «Газстройпроект» | BJ21: Халыгов Э. А.
T22: (должность, организация, фамилия, инициалы)
A23: заказчика | S23: =VLOOKUP(BJ23,подписанты!$B$3:$C$11,2,FALSE) -> Начальник отдела организации и контроля материально-технического обеспечения Управления по реализации проектов авиационной инфраструктуры ГГС | BJ23: Тюкин Е.В.
T24: (должность, организация, фамилия, инициалы)
A25: в том, что произведен | O25: сплошной | BQ25: осмотр | BY25: Конструкив - сплошной вне зависимости объёма материала Выборочный при больших партиях (труб, штукатурки и т.д.), остальное сплошной
E26: (сплошной, выборочный )
A27: Дренажный нагреватель HD-50 - 2 шт.,
A28: Сифон McAlpine MRNRV32C-PB - 3 шт.,
A29: Дренажная помпа Siccom Eco Flowatch - 11 шт.
A31: предназначенных проектом № | U31: ПП2020РД-1.2-61.17-ОВ3, ПП2020РД-1.2-61.17-ОВ3.СО изм. 2 лист 3 | BY31: Шифр РД, изм., листы, Учётный лист ЖАН, письмо ООО "Газпром Инвест", письмо ООО "Транссроймеханизации" - при наличии
P32: (номер проекта, чертежа, дата)
A33: для строительства на участке : | U33: Этап I.II. Служебное здание АС
A34: (привязка, км/ПК)
D35: 1. Осмотром геометрических размеров и маркировки:
A36: совместно с проектом и сопроводительной документацией: | AK36: Паспорт б/н от 14.11.2023, сертификат соответствия | BY36: Примеры написания:
A37: №РОСС RU C-RU.HB63.H01889 с 22.04.2022 по 21.04.2025, Паспорт изделия б/н 22.11.2023, информационное письмо | BY37: Паспорт №__ от __.__.____ г. Паспорт №б/н от __.__.____ г. на партию №__ Паспорт №б/н на партию №__ от __.__.____ г. Паспорт №б/н от __.__.____ г. (заводской номер №__)
A38: б/н от 10.09.2018, паспорт №8912 от 12.11.2023, Декларация о соответствии № ЕАЭС N RU Д-FR.PA03.B.80980/22
A39: с 26.05.2022 по 25.05.2027
A40: (сертификатами, паспортами)
A41: на изделия установлено,
A42: что | D42: =A27 -> Дренажный нагреватель HD-50 - 2 шт.,
D43: =A28 -> Сифон McAlpine MRNRV32C-PB - 3 шт.,
D44: =A29 -> Дренажная помпа Siccom Eco Flowatch - 11 шт.
D45: (трубы, детали, силовые пояса и т.д.)
A46: по своим геометрическим размерам | Y46: н/п
Y47: (для труб указать диаметр, толщину стенки, мм, для отводов - угол изгиба, град. и т.д.)
A48: и номеру технических условий, указанному на изделии, | AJ48: соответствует | AT48: проекту (соответствует, не соответствует)
A49: рабочие чертежи № | Q49: =U31 -> ПП2020РД-1.2-61.17-ОВ3, ПП2020РД-1.2-61.17-ОВ3.СО изм. 2 лист 3
D50: 2.Сопроводительная документация: | AA50: =AK36 -> Паспорт б/н от 14.11.2023, сертификат соответствия
A51: =A37 -> №РОСС RU C-RU.HB63.H01889 с 22.04.2022 по 21.04.2025, Паспорт изделия б/н 22.11.2023, информационное письмо
A52: =A38 -> б/н от 10.09.2018, паспорт №8912 от 12.11.2023, Декларация о соответствии № ЕАЭС N RU Д-FR.PA03.B.80980/22
A53: =A39 -> с 26.05.2022 по 25.05.2027
V54: (паспорта, сертификаты) | BY54: трубы: диаметр 25 мм толщ. 3 мм, диаметр 32 мм толщ. 4 мм
A55: имеется в полном комплекте. | BY55: По поворотам, отводам и т.д. необходимо уточнее в МТО ГСП
D56: 3. Характеристики механических свойств | AD56: по данным сопроводительной документации
J57: (по данным сопроводительной документации, при необходимости - результатам испытаний)
A58: соответствуют требованиям проекта № | Y58: =U31 -> ПП2020РД-1.2-61.17-ОВ3, ПП2020РД-1.2-61.17-ОВ3.СО изм. 2 лист 3
A59: технических условий | N59: ТУ 27.51.24-001-0129250341-2019, ГОСТ 31839-2012, ТР ТС 004/2011, ТР ТС 010/2011,
N60: ТР ТС 020/2011
A62: Представитель
A63: строительной организации | X63: =BJ19 -> Журавлев Ю.С. | BH63: =AE17 -> 45337
X64: (фамилия, инициалы) | AQ64: (подпись) | BH64: (дата)
A65: Представитель службы
A66: контроля качества | X66: =BJ21 -> Халыгов Э. А. | BH66: =BH63 -> 45337 | BY66: ГОСТ-ы, ТУ, СТО должны быть прописаны в соответствии с РД, если таковые там указаны (так же в документах о качестве должны соответствовать РД)
X67: (фамилия, инициалы) | AQ67: (подпись) | BH67: (дата)
A68: Представитель | BY68: Если в РД отсутствует ГОСТ-ы, ТУ или СТО пишится из паспорта
A69: заказчика | X69: =BJ23 -> Тюкин Е.В. | BH69: =BH63 -> 45337 | BY69: При отсутствиее норматива в РД или паспорта остается пустым
X70: (фамилия, инициалы) | AQ70: (подпись) | BH70: (дата)
A72: ВК произведен в соответствиями с требованиями НТД

Sheet 123р труба ппр, фитинги
A1: Министерство | L1: ПАО «Газпром» | AH1: Форма №3.3
A2: Объединение, трест | M2: АО "Газстройпроект" | AH2: Основание: ВСН 012-88 (Часть II)
A3: Участок: | F3: I.II | I3: этап | AN3: Миннефтегазстрой
AH4: Строительство: Аэропортовый комплекс на аэродроме «Левашово»
AH5: Объект: Аэропортовый комплекс на аэродроме «Левашово»
AH6: I этап. Сектор Гражданской авиации (создание технической возможности эксплуатации гражданских судов по МК-258)
AH8: Этап I.II.
Z9: АКТ № | AF9: АИР 1.2-61.17-ОВ3/123р
A10: о результатах проверки изделий/материалов
A12: Труба PP-R SDR11: Ø20, Ø25, Ø32
A13: Отвод: Ø20, Ø25
A14: Тройник: Ø20x20x20, Ø25x25x25, Ø32x32x32
A15: Тройник переходной Ø32x20x32
A16: Муфта переходная: Ø32x25, Ø32x20, Ø25x20
A18: на соответствие техдокументации
AA19: от | AE19: 45337 | BW19: =AE19 -> 45337
A20: Составлен представителями:
A21: строительной организации | S21: =VLOOKUP(BJ21,подписанты!$B$3:$C$11,2,FALSE) -> Ведущий инженер МТО АО «Газстройпроект» | BJ21: Журавлев Ю.С.
T22: (должность, организация, фамилия, инициалы)
A23: службы контроля качества | S23: =VLOOKUP(BJ23,подписанты!$B$3:$C$11,2,FALSE) -> Инженер отдела технического надзора АО «Газстройпроект» | BJ23: Халыгов Э. А.
T24: (должность, организация, фамилия, инициалы)
A25: заказчика | S25: =VLOOKUP(BJ25,подписанты!$B$3:$C$11,2,FALSE) -> Начальник отдела организации и контроля материально-технического обеспечения Управления по реализации проектов авиационной инфраструктуры ГГС | BJ25: Тюкин Е.В.
T26: (должность, организация, фамилия, инициалы)
A27: в том, что произведен | O27: сплошной | BQ27: осмотр | BY27: Конструкив - сплошной вне зависимости объёма материала Выборочный при больших партиях (труб, штукатурки и т.д.), остальное сплошной
E28: (сплошной, выборочный )
A29: Труба PP-R SDR11: Ø20 - 30 м, Ø25 - 12 м, Ø32 - 30 м,
A30: Угольник: Ø20 - 20 шт., Ø25 - 8 шт.,
A31: Тройник: Ø20x20x20 - 3 шт., Ø25x25x25 - 2 шт., Ø32x32x32 - 2 шт.,
A32: Тройник переходной Ø32x20x32 - 4 шт.,
A33: Муфта переходная: Ø32x25 - 2 шт., Ø32x20 - 2 шт., Ø25x20 - 2 шт.
A35: предназначенных проектом № | U35: ПП2020РД-1.2-61.17-ОВ3.СО изм. 1 лист 3 | BY35: Шифр РД, изм., листы, Учётный лист ЖАН, письмо ООО "Газпром Инвест", письмо ООО "Транссроймеханизации" - при наличии
P36: (номер проекта, чертежа, дата)
A37: для строительства на участке : | U37: Этап I.II. Служебное здание АС
A38: (привязка, км/ПК)
D39: 1. Осмотром геометрических размеров и маркировки:
A40: совместно с проектом и сопроводительной документацией: | AK40: Паспорт, техническое описание и инструкция по эксплуатации | BY40: Примеры написания:
A41: б/н от 24.11.2023, Свидетельство о государственной регистрации № RU.23.KK.08.013.E.000022.01.17 от 23.01.2017, | BY41: Паспорт №__ от __.__.____ г. Паспорт №б/н от __.__.____ г. на партию №__ Паспорт №б/н на партию №__ от __.__.____ г. Паспорт №б/н от __.__.____ г. (заводской номер №__)
A42: Информационное письмо Исх. № б/н от 19.05.2023, Паспорт, техническое описание и инструкция по эксплуатации б/н
A43: от 26.10.2023, Сертификат соответствия № какой из?
A44: (сертификатами, паспортами)
A45: на изделия установлено,
A46: что | D46: =A29 -> Труба PP-R SDR11: Ø20 - 30 м, Ø25 - 12 м, Ø32 - 30 м,
D47: =A30 -> Угольник: Ø20 - 20 шт., Ø25 - 8 шт.,
D48: =A31 -> Тройник: Ø20x20x20 - 3 шт., Ø25x25x25 - 2 шт., Ø32x32x32 - 2 шт.,
D49: =A32 -> Тройник переходной Ø32x20x32 - 4 шт.,
D50: =A33 -> Муфта переходная: Ø32x25 - 2 шт., Ø32x20 - 2 шт., Ø25x20 - 2 шт.
D51: (трубы, детали, силовые пояса и т.д.)
A52: по своим геометрическим размерам | Y52: Ø20, Ø25, Ø32
Y53: (для труб указать диаметр, толщину стенки, мм, для отводов - угол изгиба, град. и т.д.)
A54: и номеру технических условий, указанному на изделии, | AJ54: соответствует | AT54: проекту (соответствует, не соответствует)
A55: рабочие чертежи № | Q55: =U35 -> ПП2020РД-1.2-61.17-ОВ3.СО изм. 1 лист 3
D56: 2.Сопроводительная документация: | AA56: =AK40 -> Паспорт, техническое описание и инструкция по эксплуатации
A57: =A41 -> б/н от 24.11.2023, Свидетельство о государственной регистрации № RU.23.KK.08.013.E.000022.01.17 от 23.01.2017,
A58: =A42 -> Информационное письмо Исх. № б/н от 19.05.2023, Паспорт, техническое описание и инструкция по эксплуатации б/н
A59: =A43 -> от 26.10.2023, Сертификат соответствия № какой из?
V60: (паспорта, сертификаты) | BY60: трубы: диаметр 25 мм толщ. 3 мм, диаметр 32 мм толщ. 4 мм
A61: имеется в полном комплекте. | BY61: По поворотам, отводам и т.д. необходимо уточнее в МТО ГСП
D62: 3. Характеристики механических свойств | AD62: по данным сопроводительной документации
J63: (по данным сопроводительной документации, при необходимости - результатам испытаний)
A64: соответствуют требованиям проекта № | Y64: =U35 -> ПП2020РД-1.2-61.17-ОВ3.СО изм. 1 лист 3
A65: технических условий | N65: ГОСТ 32415-2013, ТУ 2248-001-16965449-2016
A67: Представитель
A68: строительной организации | X68: =BJ21 -> Журавлев Ю.С. | BH68: =AE19 -> 45337
X69: (фамилия, инициалы) | AQ69: (подпись) | BH69: (дата)
A70: Представитель службы
A71: контроля качества | X71: =BJ23 -> Халыгов Э. А. | BH71: =BH68 -> 45337 | BY71: ГОСТ-ы, ТУ, СТО должны быть прописаны в соответствии с РД, если таковые там указаны (так же в документах о качестве должны соответствовать РД)
X72: (фамилия, инициалы) | AQ72: (подпись) | BH72: (дата)
A73: Представитель | BY73: Если в РД отсутствует ГОСТ-ы, ТУ или СТО пишится из паспорта
A74: заказчика | X74: =BJ25 -> Тюкин Е.В. | BH74: =BH68 -> 45337 | BY74: При отсутствиее норматива в РД или паспорта остается пустым
X75: (фамилия, инициалы) | AQ75: (подпись) | BH75: (дата)
A77: ВК произведен в соответствиями с требованиями НТД

Sheet 125р труба капиялрная
A1: Министерство | L1: ПАО «Газпром» | AH1: Форма №3.3
A2: Объединение, трест | M2: АО "Газстройпроект" | AH2: Основание: ВСН 012-88 (Часть II)
A3: Участок: | F3: I.II | I3: этап | AN3: Миннефтегазстрой
AH4: Строительство: Аэропортовый комплекс на аэродроме «Левашово»
AH5: Объект: Аэропортовый комплекс на аэродроме «Левашово»
AH6: I этап. Сектор Гражданской авиации (создание технической возможности эксплуатации гражданских судов по МК-258)
AH8: Этап I.II.
Z9: АКТ № | AF9: АИР 1.2-61.17-ОВ3/125р
A10: о результатах проверки изделий/материалов
A12: Труба капиллярная Ø6 в гофрированной трубе (дренажный трубозавод):
A13: Ø16
A14: на соответствие техдокументации
AA15: от | AE15: 45337 | BW15: =AE15 -> 45337
A16: Составлен представителями:
A17: строительной организации | S17: =VLOOKUP(BJ17,подписанты!$B$3:$C$11,2,FALSE) -> Ведущий инженер МТО АО «Газстройпроект» | BJ17: Журавлев Ю.С.
T18: (должность, организация, фамилия, инициалы)
A19: службы контроля качества | S19: =VLOOKUP(BJ19,подписанты!$B$3:$C$11,2,FALSE) -> Инженер отдела технического надзора АО «Газстройпроект» | BJ19: Халыгов Э. А.
T20: (должность, организация, фамилия, инициалы)
A21: заказчика | S21: =VLOOKUP(BJ21,подписанты!$B$3:$C$11,2,FALSE) -> Начальник отдела организации и контроля материально-технического обеспечения Управления по реализации проектов авиационной инфраструктуры ГГС | BJ21: Тюкин Е.В.
T22: (должность, организация, фамилия, инициалы)
A23: в том, что произведен | O23: сплошной | BQ23: осмотр | BY23: Конструкив - сплошной вне зависимости объёма материала Выборочный при больших партиях (труб, штукатурки и т.д.), остальное сплошной
E24: (сплошной, выборочный )
A25: Труба ПВХ гибкая гофрированная: Ø16 - м,
A26: Трубка капиллярная Ø6 - м
A28: предназначенных проектом № | U28: ПП2020РД-1.2-61.17-ОВ3.СО изм. лист | BY28: Шифр РД, изм., листы, Учётный лист ЖАН, письмо ООО "Газпром Инвест", письмо ООО "Транссроймеханизации" - при наличии
P29: (номер проекта, чертежа, дата)
A30: для строительства на участке : | U30: Этап I.II. Служебное здание АС
A31: (привязка, км/ПК)
D32: 1. Осмотром геометрических размеров и маркировки:
A33: совместно с проектом и сопроводительной документацией: | AK33: Паспорт качества № 92135 от 04.10.2023; | BY33: Примеры написания:
A34: Сертификат соответствия №ЕАЭС RU C-RU.ПБ68.В.00559/21 с 04.10.2021 по 15.03.2026;
A35: Паспорт качества б/н от 28.11.2023, Сертификат соответствия № РОСС RU.АЖ49.Н01493 с 08.06.2021 по 07.06.2024
A36: (сертификатами, паспортами)
A37: на изделия установлено,
A38: что | D38: =A25 -> Труба ПВХ гибкая гофрированная: Ø16 - м,
D39: =A26 -> Трубка капиллярная Ø6 - м
D40: (трубы, детали, силовые пояса и т.д.)
A41: по своим геометрическим размерам | Y41: Ø16; Ø6
Y42: (для труб указать диаметр, толщину стенки, мм, для отводов - угол изгиба, град. и т.д.)
A43: и номеру технических условий, указанному на изделии, | AJ43: соответствует | AT43: проекту (соответствует, не соответствует)
A44: рабочие чертежи № | Q44: =U28 -> ПП2020РД-1.2-61.17-ОВ3.СО изм. лист
D45: 2.Сопроводительная документация: | AA45: =AK33 -> Паспорт качества № 92135 от 04.10.2023; | BY45: трубы: диаметр 25 мм толщ. 3 мм, диаметр 32 мм толщ. 4 мм
A46: =A34 -> Сертификат соответствия №ЕАЭС RU C-RU.ПБ68.В.00559/21 с 04.10.2021 по 15.03.2026;
A47: =A35 -> Паспорт качества б/н от 28.11.2023, Сертификат соответствия № РОСС RU.АЖ49.Н01493 с 08.06.2021 по 07.06.2024
V48: (паспорта, сертификаты)
A49: имеется в полном комплекте.
D50: 3. Характеристики механических свойств | AD50: по данным сопроводительной документации
J51: (по данным сопроводительной документации, при необходимости - результатам испытаний)
A52: соответствуют требованиям проекта № | Y52: =U28 -> ПП2020РД-1.2-61.17-ОВ3.СО изм. лист
A53: технических условий | N53: ТУ 2247-008-47022248-2002; ТР ЕАЭС 043/2017; ГОСТ Р 30244-944 ГОСТ Р 30402-96; ГОСТ 12.1.044-89;
N54: ГОСТ Р 51032-97
A56: Представитель | BY56: ГОСТ-ы, ТУ, СТО должны быть прописаны в соответствии с РД, если таковые там указаны (так же в документах о качестве должны соответствовать РД)
A57: строительной организации | X57: =BJ17 -> Журавлев Ю.С. | BH57: =AE15 -> 45337
X58: (фамилия, инициалы) | AQ58: (подпись) | BH58: (дата) | BY58: Если в РД отсутствует ГОСТ-ы, ТУ или СТО пишится из паспорта
A59: Представитель службы | BY59: При отсутствиее норматива в РД или паспорта остается пустым
A60: контроля качества | X60: =BJ19 -> Халыгов Э. А. | BH60: =BH57 -> 45337
X61: (фамилия, инициалы) | AQ61: (подпись) | BH61: (дата)
A62: Представитель
A63: заказчика | X63: =BJ21 -> Тюкин Е.В. | BH63: =BH57 -> 45337
X64: (фамилия, инициалы) | AQ64: (подпись) | BH64: (дата)
A66: ВК произведен в соответствиями с требованиями НТД

Sheet 126р
A1: Министерство | L1: ПАО «Газпром» | AH1: Форма №3.3
A2: Объединение, трест | M2: АО "Газстройпроект" | AH2: Основание: ВСН 012-88 (Часть II)
A3: Участок: | F3: I.II | I3: этап | AN3: Миннефтегазстрой
AH4: Строительство: Аэропортовый комплекс на аэродроме «Левашово»
AH5: Объект: Аэропортовый комплекс на аэродроме «Левашово»
AH6: I этап. Сектор Гражданской авиации (создание технической возможности эксплуатации гражданских судов по МК-258)
AH8: Этап I.II.
Z9: АКТ № | AF9: АИР 1.2-61.17-ОВ3/126р
A10: о результатах проверки изделий/материалов
A12: Резиновая манжета 32/50
A13: Резиновая манжета 40/50
A14: Комперссионное соединение 110/50
A15: Самоуплотняющийся фитинг
A16: на соответствие техдокументации
AA17: от | AE17: 45337 | BW17: =AE17 -> 45337
A18: Составлен представителями:
A19: строительной организации | S19: =VLOOKUP(BJ19,подписанты!$B$3:$C$11,2,FALSE) -> Ведущий инженер МТО АО «Газстройпроект» | BJ19: Журавлев Ю.С.
T20: (должность, организация, фамилия, инициалы)
A21: службы контроля качества | S21: =VLOOKUP(BJ21,подписанты!$B$3:$C$11,2,FALSE) -> Инженер отдела технического надзора АО «Газстройпроект» | BJ21: Халыгов Э. А.
T22: (должность, организация, фамилия, инициалы)
A23: заказчика | S23: =VLOOKUP(BJ23,подписанты!$B$3:$C$11,2,FALSE) -> Начальник отдела организации и контроля материально-технического обеспечения Управления по реализации проектов авиационной инфраструктуры ГГС | BJ23: Тюкин Е.В.
T24: (должность, организация, фамилия, инициалы)
A25: в том, что произведен | O25: сплошной | BQ25: осмотр | BY25: Конструкив - сплошной вне зависимости объёма материала Выборочный при больших партиях (труб, штукатурки и т.д.), остальное сплошной
E26: (сплошной, выборочный )
A27: Резиновая манжета 32/50 - шт.,
A28: Резиновая манжета 40/50 - шт.,
A29: Комперссионное соединение 110/50 - шт.
A30: Самоуплотняющийся фитинг - шт. | BY30: Шифр РД, изм., листы, Учётный лист ЖАН, письмо ООО "Газпром Инвест", письмо ООО "Транссроймеханизации" - при наличии
A32: предназначенных проектом № | U32: ПП2020РД-1.2-61.17-ОВ3.СО изм. лист
P33: (номер проекта, чертежа, дата) | BY33: Примеры написания:
A34: для строительства на участке : | U34: Этап I.II. Служебное здание АС | BY34: Паспорт №__ от __.__.____ г. Паспорт №б/н от __.__.____ г. на партию №__ Паспорт №б/н на партию №__ от __.__.____ г. Паспорт №б/н от __.__.____ г. (заводской номер №__)
A35: (привязка, км/ПК)
D36: 1. Осмотром геометрических размеров и маркировки:
A37: совместно с проектом и сопроводительной документацией: | AK37: Технический паспорт и руководство по эксплуатации б/н
A38: от 07.11.2023, Информационное письмо исх. №1523/Л от 26.01.2022, Паспорт изделия б/н от 26.10.2023,
A39: Информационное письмо исх.№ОТК/109 от 10.09.2018, Паспорт б/н от 21.11.2023,
A40: Сертификат соответствия № РОСС RU.HE06.H12786 с 19.09.2023 по 18.09.2026
A41: (сертификатами, паспортами)
A42: на изделия установлено,
A43: что | D43: =A27 -> Резиновая манжета 32/50 - шт.,
D44: =A28 -> Резиновая манжета 40/50 - шт.,
D45: =A29 -> Комперссионное соединение 110/50 - шт.
D46: =A30 -> Самоуплотняющийся фитинг - шт.
D47: (трубы, детали, силовые пояса и т.д.)
A48: по своим геометрическим размерам | Y48: н/п | BY48: трубы: диаметр 25 мм толщ. 3 мм, диаметр 32 мм толщ. 4 мм
Y49: (для труб указать диаметр, толщину стенки, мм, для отводов - угол изгиба, град. и т.д.) | BY49: По поворотам, отводам и т.д. необходимо уточнее в МТО ГСП
A50: и номеру технических условий, указанному на изделии, | AJ50: соответствует | AT50: проекту (соответствует, не соответствует)
A51: рабочие чертежи № | Q51: =U32 -> ПП2020РД-1.2-61.17-ОВ3.СО изм. лист
D52: 2.Сопроводительная документация: | AA52: =AK37 -> Технический паспорт и руководство по эксплуатации б/н
A53: =A38 -> от 07.11.2023, Информационное письмо исх. №1523/Л от 26.01.2022, Паспорт изделия б/н от 26.10.2023,
A54: =A39 -> Информационное письмо исх.№ОТК/109 от 10.09.2018, Паспорт б/н от 21.11.2023,
A55: =A40 -> Сертификат соответствия № РОСС RU.HE06.H12786 с 19.09.2023 по 18.09.2026
V56: (паспорта, сертификаты)
A57: имеется в полном комплекте.
D58: 3. Характеристики механических свойств | AD58: по данным сопроводительной документации
J59: (по данным сопроводительной документации, при необходимости - результатам испытаний) | BY59: ГОСТ-ы, ТУ, СТО должны быть прописаны в соответствии с РД, если таковые там указаны (так же в документах о качестве должны соответствовать РД)
A60: соответствуют требованиям проекта № | Y60: =U32 -> ПП2020РД-1.2-61.17-ОВ3.СО изм. лист
A61: технических условий | N61: ГОСТ 17375-2001, ТР ТС 032/2013, ГОСТ 32415-2013, ТУ 2248-001-16965449-2016 | BY61: Если в РД отсутствует ГОСТ-ы, ТУ или СТО пишится из паспорта
BY62: При отсутствиее норматива в РД или паспорта остается пустым
A63: Представитель
A64: строительной организации | X64: =BJ19 -> Журавлев Ю.С. | BH64: =AE17 -> 45337
X65: (фамилия, инициалы) | AQ65: (подпись) | BH65: (дата)
A66: Представитель службы
A67: контроля качества | X67: =BJ21 -> Халыгов Э. А. | BH67: =BH64 -> 45337
X68: (фамилия, инициалы) | AQ68: (подпись) | BH68: (дата)
A69: Представитель
A70: заказчика | X70: =BJ23 -> Тюкин Е.В. | BH70: =BH64 -> 45337
X71: (фамилия, инициалы) | AQ71: (подпись) | BH71: (дата)
A73: ВК произведен в соответствиями с требованиями НТД

Sheet 127р изоляция
A1: Министерство | L1: ПАО «Газпром» | AH1: Форма №3.3
A2: Объединение, трест | M2: АО "Газстройпроект" | AH2: Основание: ВСН 012-88 (Часть II)
A3: Участок: | F3: I.II | I3: этап | AN3: Миннефтегазстрой
AH4: Строительство: Аэропортовый комплекс на аэродроме «Левашово»
AH5: Объект: Аэропортовый комплекс на аэродроме «Левашово»
AH6: I этап. Сектор Гражданской авиации (создание технической возможности эксплуатации гражданских судов по МК-258)
AH8: Этап I.II.
Z9: АКТ № | AF9: АИР 1.2-61.17-ОВ3/126р
A10: о результатах проверки изделий/материалов
A12: Трубная изоляция K-Flex: 9хФ6; 9хФ10; 9хФ12; 13хФ15х2; 13хФ18х2; 13хФ22х2; 13хФ28х2;
A13: Трубная изоляция Unionflex:; 6хФ20х2; 6хФ25х2; 6хФ32х2
A14: на соответствие техдокументации
AA15: от | AE15: 45337 | BW15: =AE15 -> 45337
A16: Составлен представителями:
A17: строительной организации | S17: =VLOOKUP(BJ17,подписанты!$B$3:$C$11,2,FALSE) -> Ведущий инженер МТО АО «Газстройпроект» | BJ17: Журавлев Ю.С.
T18: (должность, организация, фамилия, инициалы)
A19: службы контроля качества | S19: =VLOOKUP(BJ19,подписанты!$B$3:$C$11,2,FALSE) -> Инженер отдела технического надзора АО «Газстройпроект» | BJ19: Халыгов Э. А.
T20: (должность, организация, фамилия, инициалы)
A21: заказчика | S21: =VLOOKUP(BJ21,подписанты!$B$3:$C$11,2,FALSE) -> Начальник отдела организации и контроля материально-технического обеспечения Управления по реализации проектов авиационной инфраструктуры ГГС | BJ21: Тюкин Е.В.
T22: (должность, организация, фамилия, инициалы)
A23: в том, что произведен | O23: сплошной | BQ23: осмотр | BY23: Конструкив - сплошной вне зависимости объёма материала Выборочный при больших партиях (труб, штукатурки и т.д.), остальное сплошной
E24: (сплошной, выборочный )
A25: Трубная изоляция K-Flex: 9хФ6 - м; 9хФ10 - м; 9хФ12 - м; 13хФ15х2 - м; 13хФ18х2 - м;
A26: 13хФ22х2 - м; 13хФ28х2 - м;
A27: Трубная изоляция Unionflex: 6хФ20х2 - м; 6хФ25х2 - м; 6хФ32х2 - м
A29: предназначенных проектом № | U29: ПП2020РД-1.2-61.17-ОВ3.СО изм. лист
P30: (номер проекта, чертежа, дата) | BY30: Примеры написания:
A31: для строительства на участке : | U31: Этап I.II. Служебное здание АС | BY31: Паспорт №__ от __.__.____ г. Паспорт №б/н от __.__.____ г. на партию №__ Паспорт №б/н на партию №__ от __.__.____ г. Паспорт №б/н от __.__.____ г. (заводской номер №__)
A32: (привязка, км/ПК)
D33: 1. Осмотром геометрических размеров и маркировки:
A34: совместно с проектом и сопроводительной документацией: | AK34: Паспорт № 5178500 - R0906515708 от 03.07.2023;
A35: Паспорт № 5178500 - R09010596708 от 10.07.2023; Паспорт № 5178500 - R09012719043 от 12.07.2023;
A36: Паспорт № 5178500 - R13015215607 от 24.07.2023; Паспорт № 5178500 - R13018214308 от 26.07.2023;
A37: Паспорт № 5178500 - R13022435608 от 12.07.2023; Паспорт № 5178500 - R13028435708 от 12.07.2023;
A38: Экспертное заключение № 77.01.12.П.002501.07.17 от 07.07.2017;
A39: Сертификат соответствия № RU C-RU.ПБ09.В.00294/21 с 17.12.2021 по 16.12.2026;
A40: Информационное письмо № 201 от 30.09.2014;
A41: Паспорт качества № 547 04.12.2023; Паспорт качества № 553 07.12.2023; Паспорт качества № 568 11.12.2023;
A42: Сертификат соответствия № АПБ.RU.ОС002/4.Н.01563 с 29.09.2021 по 28.09.2024;
A43: Сертификат соответствия № RU C-RU.ПБ09.В.00463/23 с 03.11.2023 по 02.11.2028.
A44: (сертификатами, паспортами)
A45: на изделия установлено,
A46: что | D46: =A25 -> Трубная изоляция K-Flex: 9хФ6 - м; 9хФ10 - м; 9хФ12 - м; 13хФ15х2 - м; 13хФ18х2 - м;
D47: =A26 -> 13хФ22х2 - м; 13хФ28х2 - м;
D48: =A27 -> Трубная изоляция Unionflex: 6хФ20х2 - м; 6хФ25х2 - м; 6хФ32х2 - м
D49: (трубы, детали, силовые пояса и т.д.)
A50: по своим геометрическим размерам | Y50: н/п | BY50: трубы: диаметр 25 мм толщ. 3 мм, диаметр 32 мм толщ. 4 мм
Y51: (для труб указать диаметр, толщину стенки, мм, для отводов - угол изгиба, град. и т.д.) | BY51: По поворотам, отводам и т.д. необходимо уточнее в МТО ГСП
A52: и номеру технических условий, указанному на изделии, | AJ52: соответствует | AT52: проекту (соответствует, не соответствует)
A53: рабочие чертежи № | Q53: =U29 -> ПП2020РД-1.2-61.17-ОВ3.СО изм. лист
D54: 2.Сопроводительная документация: | AA54: =AK34 -> Паспорт № 5178500 - R0906515708 от 03.07.2023;
A55: =A35 -> Паспорт № 5178500 - R09010596708 от 10.07.2023; Паспорт № 5178500 - R09012719043 от 12.07.2023;
A56: =A36 -> Паспорт № 5178500 - R13015215607 от 24.07.2023; Паспорт № 5178500 - R13018214308 от 26.07.2023;
A57: =A37 -> Паспорт № 5178500 - R13022435608 от 12.07.2023; Паспорт № 5178500 - R13028435708 от 12.07.2023;
A58: =A38 -> Экспертное заключение № 77.01.12.П.002501.07.17 от 07.07.2017;
A59: =A39 -> Сертификат соответствия № RU C-RU.ПБ09.В.00294/21 с 17.12.2021 по 16.12.2026;
A60: =A40 -> Информационное письмо № 201 от 30.09.2014;
A61: =A41 -> Паспорт качества № 547 04.12.2023; Паспорт качества № 553 07.12.2023; Паспорт качества № 568 11.12.2023;
A62: =A42 -> Сертификат соответствия № АПБ.RU.ОС002/4.Н.01563 с 29.09.2021 по 28.09.2024;
A63: =A43 -> Сертификат соответствия № RU C-RU.ПБ09.В.00463/23 с 03.11.2023 по 02.11.2028.
V64: (паспорта, сертификаты)
A65: имеется в полном комплекте.
D66: 3. Характеристики механических свойств | AD66: по данным сопроводительной документации
J67: (по данным сопроводительной документации, при необходимости - результатам испытаний) | BY67: ГОСТ-ы, ТУ, СТО должны быть прописаны в соответствии с РД, если таковые там указаны (так же в документах о качестве должны соответствовать РД)
A68: соответствуют требованиям проекта № | Y68: =U29 -> ПП2020РД-1.2-61.17-ОВ3.СО изм. лист
A69: технических условий | N69: ГОСТ 30244-94, ГОСТ 30402-96, ГОСТ 12.1.044-889, ТУ 22.19.20-001-17563055-2020, ТУ 5768-001-75218277-13 | BY69: Если в РД отсутствует ГОСТ-ы, ТУ или СТО пишится из паспорта
BY70: При отсутствиее норматива в РД или паспорта остается пустым
A71: Представитель
A72: строительной организации | X72: =BJ17 -> Журавлев Ю.С. | BH72: =AE15 -> 45337
X73: (фамилия, инициалы) | AQ73: (подпись) | BH73: (дата)
A74: Представитель службы
A75: контроля качества | X75: =BJ19 -> Халыгов Э. А. | BH75: =BH72 -> 45337
X76: (фамилия, инициалы) | AQ76: (подпись) | BH76: (дата)
A77: Представитель
A78: заказчика | X78: =BJ21 -> Тюкин Е.В. | BH78: =BH72 -> 45337
X79: (фамилия, инициалы) | AQ79: (подпись) | BH79: (дата)
A81: ВК произведен в соответствиями с требованиями НТД

Sheet 128р крепежные элементы
A1: Министерство | L1: ПАО «Газпром» | AH1: Форма №3.3
A2: Объединение, трест | M2: АО "Газстройпроект" | AH2: Основание: ВСН 012-88 (Часть II)
A3: Участок: | F3: I.II | I3: этап | AN3: Миннефтегазстрой
AH4: Строительство: Аэропортовый комплекс на аэродроме «Левашово»
AH5: Объект: Аэропортовый комплекс на аэродроме «Левашово»
AH6: I этап. Сектор Гражданской авиации (создание технической возможности эксплуатации гражданских судов по МК-258)
AH8: Этап I.II.
Z9: АКТ № | AF9: АИР 1.2-61.17-ОВ3/128р
A10: о результатах проверки изделий/материалов
A12: Крепежные элементы
A13: на соответствие техдокументации
AA14: от | AE14: 45337 | BW14: =AE14 -> 45337
A15: Составлен представителями:
A16: строительной организации | S16: =VLOOKUP(BJ16,подписанты!$B$3:$C$11,2,FALSE) -> Ведущий инженер МТО АО «Газстройпроект» | BJ16: Журавлев Ю.С.
T17: (должность, организация, фамилия, инициалы)
A18: службы контроля качества | S18: =VLOOKUP(BJ18,подписанты!$B$3:$C$11,2,FALSE) -> Инженер отдела технического надзора АО «Газстройпроект» | BJ18: Халыгов Э. А.
T19: (должность, организация, фамилия, инициалы)
A20: заказчика | S20: =VLOOKUP(BJ20,подписанты!$B$3:$C$11,2,FALSE) -> Начальник отдела организации и контроля материально-технического обеспечения Управления по реализации проектов авиационной инфраструктуры ГГС | BJ20: Тюкин Е.В.
T21: (должность, организация, фамилия, инициалы)
A22: в том, что произведен | O22: сплошной | BQ22: осмотр | BY22: Конструкив - сплошной вне зависимости объёма материала Выборочный при больших партиях (труб, штукатурки и т.д.), остальное сплошной
E23: (сплошной, выборочный )
A24: Крепежные элементы - кг
A26: предназначенных проектом № | U26: ПП2020РД-1.2-61.17-ОВ3.СО изм. лист
P27: (номер проекта, чертежа, дата) | BY27: Примеры написания:
A28: для строительства на участке : | U28: Этап I.II. Служебное здание АС | BY28: Паспорт №__ от __.__.____ г. Паспорт №б/н от __.__.____ г. на партию №__ Паспорт №б/н на партию №__ от __.__.____ г. Паспорт №б/н от __.__.____ г. (заводской номер №__)
A29: (привязка, км/ПК)
D30: 1. Осмотром геометрических размеров и маркировки:
A31: совместно с проектом и сопроводительной документацией: | AK31: Сертификат качества № 312123-078 от 15.01.2024,
A32: Сертификат соответствия №РОСС CN.АЖ49.Н04278 с 27.07.2023 по 26.07.2026,
A33: Сертификат соответствия №РОСС CN.АЖ49.Н04313 с 07.08.2023 по 06.08.2026,
A34: Паспорт изделия №080483 от 18.01.2024
A35: Сертификат соответствия № РОСС RU.32001.04ИБФ1.ОСП18.25939 с 14.11.2022 по 13.11.2025
A36: (сертификатами, паспортами)
A37: на изделия установлено,
A38: что | D38: =A24 -> Крепежные элементы - кг
D39: (трубы, детали, силовые пояса и т.д.)
A40: по своим геометрическим размерам | Y40: н/п | BY40: трубы: диаметр 25 мм толщ. 3 мм, диаметр 32 мм толщ. 4 мм
Y41: (для труб указать диаметр, толщину стенки, мм, для отводов - угол изгиба, град. и т.д.) | BY41: По поворотам, отводам и т.д. необходимо уточнее в МТО ГСП
A42: и номеру технических условий, указанному на изделии, | AJ42: соответствует | AT42: проекту (соответствует, не соответствует)
A43: рабочие чертежи № | Q43: =U26 -> ПП2020РД-1.2-61.17-ОВ3.СО изм. лист
D44: 2.Сопроводительная документация: | AA44: =AK31 -> Сертификат качества № 312123-078 от 15.01.2024,
A45: =A32 -> Сертификат соответствия №РОСС CN.АЖ49.Н04278 с 27.07.2023 по 26.07.2026,
A46: =A33 -> Сертификат соответствия №РОСС CN.АЖ49.Н04313 с 07.08.2023 по 06.08.2026,
A47: =A34 -> Паспорт изделия №080483 от 18.01.2024
A48: =A35 -> Сертификат соответствия № РОСС RU.32001.04ИБФ1.ОСП18.25939 с 14.11.2022 по 13.11.2025
V49: (паспорта, сертификаты)
A50: имеется в полном комплекте.
D51: 3. Характеристики механических свойств | AD51: по данным сопроводительной документации
J52: (по данным сопроводительной документации, при необходимости - результатам испытаний) | BY52: ГОСТ-ы, ТУ, СТО должны быть прописаны в соответствии с РД, если таковые там указаны (так же в документах о качестве должны соответствовать РД)
A53: соответствуют требованиям проекта № | Y53: =U26 -> ПП2020РД-1.2-61.17-ОВ3.СО изм. лист
A54: технических условий | N54: ГОСТ 1759.0-87, ГОСТ ISO 8992-2015, ГОСТ 18123-82, ГОСТ 1759.0-87, ГОСТ 10618-80, ГОСТ 28191-89, | BY54: Если в РД отсутствует ГОСТ-ы, ТУ или СТО пишится из паспорта
N55: ГОСТ 24137-80
BY56: При отсутствиее норматива в РД или паспорта остается пустым
A57: Представитель
A58: строительной организации | X58: =BJ16 -> Журавлев Ю.С. | BH58: =AE14 -> 45337
X59: (фамилия, инициалы) | AQ59: (подпись) | BH59: (дата)
A60: Представитель службы
A61: контроля качества | X61: =BJ18 -> Халыгов Э. А. | BH61: =BH58 -> 45337
X62: (фамилия, инициалы) | AQ62: (подпись) | BH62: (дата)
A63: Представитель
A64: заказчика | X64: =BJ20 -> Тюкин Е.В. | BH64: =BH58 -> 45337
X65: (фамилия, инициалы) | AQ65: (подпись) | BH65: (дата)
A67: ВК произведен в соответствиями с требованиями НТД

Sheet подписанты
A2: Составлен представителями: | B2: ФИО | C2: Должность | D2: с | E2: до
A3: строительной организации | B3: Кострова Н.Л. | C3: Руководитель группы МТО АО «Газстройпроект» | D3: 44927 | E3: 45337
A4: строительной организации | B4: Журавлев Ю.С. | C4: Ведущий инженер МТО АО «Газстройпроект» | D4: 45337 | E4: 45657
A5: службы контроля качества | B5: Халыгов Э. А. | C5: Инженер отдела технического надзора АО «Газстройпроект» | D5: 45166 | E5: 45657
A6: службы контроля качества | B6: Ткаченко С.В. | C6: Ведущий инженер отдела технического надзора АО «Газстройпроект» | D6: 44927 | E6: 45166
A7: службы контроля качества | B7: Будянский А.С. | C7: Инженер отдела технического надзора АО «Газстройпроект» | D7: 45278 | E7: 45342 | F7: на период отпуска Ткаченко, на период отпуска Халыгова август 2024
A8: заказчика | B8: Лбова П.А. | C8: Главный специалист Отдела организации и контроля материально-технического обеспечения Управления по реализации проектов г. Санкт-Петербург ООО «Газпром инвест» | D8: 44927 | E8: 45657
A9: заказчика | B9: Тюкин Е.В. | C9: Начальник отдела организации и контроля материально-технического обеспечения Управления по реализации проектов авиационной инфраструктуры ГГС | F9: подписывает сейчас
B11: Тишаков ? ? | C11: Ведущий инженер МТО АО «Газстройпроект»

Sheet Лист общих данных
A5: № по ГП | B5: Наименование объекта | C5: Шифр чертежа КМ | D5: № последнего изм
A6: 61.6 | B6: Этап I.II. Топливозаправочный пункт. Операторная ТЗП | C6: ПП2020РД-1.2-61.6-ОВ1
A7: 61.17 | B7: Этап I.II. Служебное здание АС | C7: ПП2020РД-1.2-61.17-ОВ1
A8: 61.2 | B8: Этап I.II. Служебное здание ССТ со столовой | C8: ПП2020РД-1.2-61.2-ОВ1
A9: 56 | B9: Этап I.II. Аварийно-спасательная станция | C9: ПП2020РД-1.2-56-ОВ1
A10: 57 | B10: Этап I.II. Контрольно-пропускной пункт (КПП) с караульным помещением | C10: ПП2020РД-1.2-57-ОВ1
A11: 110 | B11: Этап I.II. Служебное здание службы электросвето-технического обеспечения полетов (ЭСТОП) | C11: ПП2020РД-1.2-110-ОВ1
A12: 111 | B12: Этап I.II. Складской комплекс службы ЭСТОП, сблокированный со стоянкой автомобилей | C12: ПП2020РД-1.2-111-ОВ1
