Workbook

Sheet 123р труба ппр, фитинги
A1: Министерство | L1: ПАО «Газпром» | AH1: Форма №3.3
A2: Объединение, трест | M2: АО "Газстройпроект" | AH2: Основание: ВСН 012-88 (Часть II)
A3: Участок: | F3: I.II | I3: этап | AN3: Миннефтегазстрой
AH4: Строительство: Аэропортовый комплекс на аэродроме «Левашово»
AH5: Объект: Аэропортовый комплекс на аэродроме «Левашово»
AH6: I этап. Сектор Гражданской авиации (создание технической возможности эксплуатации гражданских судов по МК-258)
AH8: Этап I.II.
Z9: АКТ № | AF9: АИР 1.2-61.17-ОВ3/5
A10: о результатах проверки изделий/материалов
A12: Труба PP-R SDR11: Ø20, Ø25, Ø32;
A13: Капиллярная трубка Ø6;
A14: Труба ПВХ гофрированная d16;
A15: Отвод 90°: Ø20, Ø25, Ø32;
A16: Отвод 45°: Ø20, Ø32;
A17: Тройник PPR: Ø20/Ø20/Ø20, Ø25/Ø20/Ø25, Ø32/Ø20/Ø32, Ø32/Ø32/Ø32;
A18: Переход PPR : Ø25/Ø20, Ø32/Ø20, Ø32/Ø25;
A19: Заглушка PPR Ø20.
A21: на соответствие техдокументации
AA22: от | AE22: 45285 | BW22: =AE22 -> 45285
A23: Составлен представителями:
A24: строительной организации | S24: =VLOOKUP(BJ24,подписанты!$B$3:$C$11,2,FALSE) -> Руководитель группы МТО АО «Газстройпроект» | BJ24: Кострова Н.Л.
T25: (должность, организация, фамилия, инициалы)
A26: службы контроля качества | S26: =VLOOKUP(BJ26,подписанты!$B$3:$C$11,2,FALSE) -> Инженер отдела технического надзора АО «Газстройпроект» | BJ26: Халыгов Э. А.
T27: (должность, организация, фамилия, инициалы)
A28: заказчика | S28: =VLOOKUP(BJ28,подписанты!$B$3:$C$11,2,FALSE) -> Начальник отдела организации и контроля материально-технического обеспечения Управления по реализации проектов авиационной инфраструктуры ГГС | BJ28: Тюкин Е.В.
T29: (должность, организация, фамилия, инициалы)
A30: в том, что произведен | O30: сплошной | BQ30: осмотр | BY30: Конструкив - сплошной вне зависимости объёма материала Выборочный при больших партиях (труб, штукатурки и т.д.), остальное сплошной
E31: (сплошной, выборочный )
A32: Труба PP-R SDR11: Ø20 - 21,4 м, Ø25 - 4,43 м, Ø32 - 28,4 м;
A33: Капиллярная трубка (шланг однослойный ПВХ) - 7,6 м;
A34: Труба ПВХ гофрированная - 7,6 м;
A35: Отвод 90°: Ø20 - 14 шт., Ø25 - 1 шт., Ø32 - 4 шт.;
A36: Отвод 45°: Ø20 - 2 шт., Ø32 - 3 шт.;
A37: Тройник PPR: Ø20/Ø20/Ø20 - 4 шт., Ø25/Ø20/Ø25 - 4 шт., Ø32/Ø20/Ø32 - 6 шт., Ø32/Ø32/Ø32 - 2 шт.;
A38: Переход PPR : Ø25/Ø20 - 2 шт., Ø32/Ø20 - 1 шт., Ø32/Ø25 -3 шт.;
A39: Заглушка PPR - 11 шт.
A41: предназначенных проектом № | U41: ПП2020РД-1.2-61.17-ОВ3.СО изм.2, л. 2-3 | BY41: Шифр РД, изм., листы, Учётный лист ЖАН, письмо ООО "Газпром Инвест", письмо ООО "Транссроймеханизации" - при наличии
P42: (номер проекта, чертежа, дата)
A43: для строительства на участке : | U43: Этап I.II. Служебное здание АС
A44: (привязка, км/ПК)
D45: 1. Осмотром геометрических размеров и маркировки:
A46: совместно с проектом и сопроводительной документацией: | AK46: Технический паспорт изделия № ПС-42982 от 29.11.2023 г.; | BY46: Примеры написания:
A47: Сертификат соответствия № РОСС RU.HA39.H00401/22 с 08.09.2022 г. по 07.09.2025 г.;Паспорт качества б/н от 19.12.2023 | BY47: Паспорт №__ от __.__.____ г. Паспорт №б/н от __.__.____ г. на партию №__ Паспорт №б/н на партию №__ от __.__.____ г. Паспорт №б/н от __.__.____ г. (заводской номер №__)
A48: Сертификат соответствия № РОСС RU.АЖ49.Н01493 с 08.06.2021 г. по 07.06.2024 г.;Паспорт качества № 91916 от 29.09.202
A49: Сертификат соответствия № ЕАЭС RU C-RU.ПБ68.В.00559/21 с 04.10.2021 г. по 15.03.2026 г.;
A50: Паспорт,техническое описание и инструкция по эксплуатации б/н от 26.10.2023 г.;
A51: Декларация о соответствии № РОСС RU Д-RU.РА01.В.13131/23 с 13.04.2023 г. по 12.04.2026 г.
A52: (сертификатами, паспортами)
A53: на изделия установлено,
A54: что | D54: =A32 -> Труба PP-R SDR11: Ø20 - 21,4 м, Ø25 - 4,43 м, Ø32 - 28,4 м;
D55: =A33 -> Капиллярная трубка (шланг однослойный ПВХ) - 7,6 м;
D56: =A34 -> Труба ПВХ гофрированная - 7,6 м;
D57: =A35 -> Отвод 90°: Ø20 - 14 шт., Ø25 - 1 шт., Ø32 - 4 шт.;
D58: =A36 -> Отвод 45°: Ø20 - 2 шт., Ø32 - 3 шт.;
D59: =A37 -> Тройник PPR: Ø20/Ø20/Ø20 - 4 шт., Ø25/Ø20/Ø25 - 4 шт., Ø32/Ø20/Ø32 - 6 шт., Ø32/Ø32/Ø32 - 2 шт.;
D60: =A38 -> Переход PPR : Ø25/Ø20 - 2 шт., Ø32/Ø20 - 1 шт., Ø32/Ø25 -3 шт.;
D61: =A39 -> Заглушка PPR - 11 шт.
D62: (трубы, детали, силовые пояса и т.д.)
A63: по своим геометрическим размерам | Y63: -
Y64: (для труб указать диаметр, толщину стенки, мм, для отводов - угол изгиба, град. и т.д.)
A65: и номеру технических условий, указанному на изделии, | AJ65: соответствует | AT65: проекту (соответствует, не соответствует)
A66: рабочие чертежи № | Q66: =U41 -> ПП2020РД-1.2-61.17-ОВ3.СО изм.2, л. 2-3
D67: 2.Сопроводительная документация: | AA67: =AK46 -> Технический паспорт изделия № ПС-42982 от 29.11.2023 г.;
A68: =A47 -> Сертификат соответствия № РОСС RU.HA39.H00401/22 с 08.09.2022 г. по 07.09.2025 г.;Паспорт качества б/н от 19.12.2023
A69: =A48 -> Сертификат соответствия № РОСС RU.АЖ49.Н01493 с 08.06.2021 г. по 07.06.2024 г.;Паспорт качества № 91916 от 29.09.202
A70: =A49 -> Сертификат соответствия № ЕАЭС RU C-RU.ПБ68.В.00559/21 с 04.10.2021 г. по 15.03.2026 г.;
A71: =A50 -> Паспорт,техническое описание и инструкция по эксплуатации б/н от 26.10.2023 г.;
A72: =A51 -> Декларация о соответствии № РОСС RU Д-RU.РА01.В.13131/23 с 13.04.2023 г. по 12.04.2026 г.
V73: (паспорта, сертификаты) | BY73: трубы: диаметр 25 мм толщ. 3 мм, диаметр 32 мм толщ. 4 мм
A74: имеется в полном комплекте. | BY74: По поворотам, отводам и т.д. необходимо уточнее в МТО ГСП
D75: 3. Характеристики механических свойств | AD75: по данным сопроводительной документации
J76: (по данным сопроводительной документации, при необходимости - результатам испытаний)
A77: соответствуют требованиям проекта № | Y77: =U41 -> ПП2020РД-1.2-61.17-ОВ3.СО изм.2, л. 2-3
A78: технических условий | N78: ГОСТ 32415-2013; ТУ 2248-003-78044889-2013; ГОСТ 30244-94; ГОСТ Р 30244-94; ГОСТ Р 30402-96;
N79: ГОСТ 12.1.044-89; ГОСТ Р 12.1.044-89; ГОСТ Р 51032-97; ТУ 2247-008-47022248-2002; ТР ЕАЭС 043/2017
A81: Представитель
A82: строительной организации | X82: =BJ24 -> Кострова Н.Л. | BH82: =AE22 -> 45285
X83: (фамилия, инициалы) | AQ83: (подпись) | BH83: (дата)
A84: Представитель службы
A85: контроля качества | X85: =BJ26 -> Халыгов Э. А. | BH85: =BH82 -> 45285 | BY85: ГОСТ-ы, ТУ, СТО должны быть прописаны в соответствии с РД, если таковые там указаны (так же в документах о качестве должны соответствовать РД)
X86: (фамилия, инициалы) | AQ86: (подпись) | BH86: (дата)
A87: Представитель | BY87: Если в РД отсутствует ГОСТ-ы, ТУ или СТО пишится из паспорта
A88: заказчика | X88: =BJ28 -> Тюкин Е.В. | BH88: =BH82 -> 45285 | BY88: При отсутствиее норматива в РД или паспорта остается пустым
X89: (фамилия, инициалы) | AQ89: (подпись) | BH89: (дата)
A91: ВК произведен в соответствиями с требованиями НТД

Sheet 126р
A1: Министерство | L1: ПАО «Газпром» | AH1: Форма №3.3
A2: Объединение, трест | M2: АО "Газстройпроект" | AH2: Основание: ВСН 012-88 (Часть II)
A3: Участок: | F3: I.II | I3: этап | AN3: Миннефтегазстрой
AH4: Строительство: Аэропортовый комплекс на аэродроме «Левашово»
AH5: Объект: Аэропортовый комплекс на аэродроме «Левашово»
AH6: I этап. Сектор Гражданской авиации (создание технической возможности эксплуатации гражданских судов по МК-258)
AH8: Этап I.II.
Z9: АКТ № | AF9: АИР 1.2-61.17-ОВ3/6
A10: о результатах проверки изделий/материалов
A13: Комперссионное соединение Ø110/Ø50
A14: Резиновая манжета Ø50/Ø32
A16: на соответствие техдокументации
AA17: от | AE17: 45337 | BW17: =AE17 -> 45337
A18: Составлен представителями:
A19: строительной организации | S19: =VLOOKUP(BJ19,подписанты!$B$3:$C$11,2,FALSE) -> Ведущий инженер МТО АО «Газстройпроект» | BJ19: Журавлев Ю.С.
T20: (должность, организация, фамилия, инициалы)
A21: службы контроля качества | S21: =VLOOKUP(BJ21,подписанты!$B$3:$C$11,2,FALSE) -> Инженер отдела технического надзора АО «Газстройпроект» | BJ21: Халыгов Э. А.
T22: (должность, организация, фамилия, инициалы)
A23: заказчика | S23: =VLOOKUP(BJ23,подписанты!$B$3:$C$11,2,FALSE) -> Начальник отдела организации и контроля материально-технического обеспечения Управления по реализации проектов авиационной инфраструктуры ГГС | BJ23: Тюкин Е.В.
T24: (должность, организация, фамилия, инициалы)
A25: в том, что произведен | O25: сплошной | BQ25: осмотр | BY25: Конструкив - сплошной вне зависимости объёма материала Выборочный при больших партиях (труб, штукатурки и т.д.), остальное сплошной
E26: (сплошной, выборочный )
A28: Комперссионное соединение Ø110/Ø50
A29: Резиновая манжета Ø50/Ø32
A31: предназначенных проектом № | U31: ПП2020РД-1.2-61.17-ОВ3.СО изм. лист
P32: (номер проекта, чертежа, дата) | BY32: Примеры написания:
A33: для строительства на участке : | U33: Этап I.II. Служебное здание АС | BY33: Паспорт №__ от __.__.____ г. Паспорт №б/н от __.__.____ г. на партию №__ Паспорт №б/н на партию №__ от __.__.____ г. Паспорт №б/н от __.__.____ г. (заводской номер №__)
A34: (привязка, км/ПК)
D35: 1. Осмотром геометрических размеров и маркировки:
A36: совместно с проектом и сопроводительной документацией: | AK36: Технический паспорт и руководство по эксплуатации б/н
A37: от 07.11.2023, Информационное письмо исх. №1523/Л от 26.01.2022, Паспорт изделия б/н от 26.10.2023,
A38: Информационное письмо исх.№ОТК/109 от 10.09.2018, Паспорт б/н от 21.11.2023,
A39: Сертификат соответствия № РОСС RU.HE06.H12786 с 19.09.2023 по 18.09.2026
A40: (сертификатами, паспортами)
A41: на изделия установлено,
A42: что | D42: =A27 -> 0
D43: =A28 -> Комперссионное соединение Ø110/Ø50
D44: =A29 -> Резиновая манжета Ø50/Ø32
D45: =#REF! -> #REF!
D46: (трубы, детали, силовые пояса и т.д.)
A47: по своим геометрическим размерам | Y47: н/п | BY47: трубы: диаметр 25 мм толщ. 3 мм, диаметр 32 мм толщ. 4 мм
Y48: (для труб указать диаметр, толщину стенки, мм, для отводов - угол изгиба, град. и т.д.) | BY48: По поворотам, отводам и т.д. необходимо уточнее в МТО ГСП
A49: и номеру технических условий, указанному на изделии, | AJ49: соответствует | AT49: проекту (соответствует, не соответствует)
A50: рабочие чертежи № | Q50: =U31 -> ПП2020РД-1.2-61.17-ОВ3.СО изм. лист
D51: 2.Сопроводительная документация: | AA51: =AK36 -> Технический паспорт и руководство по эксплуатации б/н
A52: =A37 -> от 07.11.2023, Информационное письмо исх. №1523/Л от 26.01.2022, Паспорт изделия б/н от 26.10.2023,
A53: =A38 -> Информационное письмо исх.№ОТК/109 от 10.09.2018, Паспорт б/н от 21.11.2023,
A54: =A39 -> Сертификат соответствия № РОСС RU.HE06.H12786 с 19.09.2023 по 18.09.2026
V55: (паспорта, сертификаты)
A56: имеется в полном комплекте.
D57: 3. Характеристики механических свойств | AD57: по данным сопроводительной документации
J58: (по данным сопроводительной документации, при необходимости - результатам испытаний) | BY58: ГОСТ-ы, ТУ, СТО должны быть прописаны в соответствии с РД, если таковые там указаны (так же в документах о качестве должны соответствовать РД)
A59: соответствуют требованиям проекта № | Y59: =U31 -> ПП2020РД-1.2-61.17-ОВ3.СО изм. лист
A60: технических условий | N60: ГОСТ 17375-2001, ТР ТС 032/2013, ГОСТ 32415-2013, ТУ 2248-001-16965449-2016 | BY60: Если в РД отсутствует ГОСТ-ы, ТУ или СТО пишится из паспорта
BY61: При отсутствиее норматива в РД или паспорта остается пустым
A62: Представитель
A63: строительной организации | X63: =BJ19 -> Журавлев Ю.С. | BH63: =AE17 -> 45337
X64: (фамилия, инициалы) | AQ64: (подпись) | BH64: (дата)
A65: Представитель службы
A66: контроля качества | X66: =BJ21 -> Халыгов Э. А. | BH66: =BH63 -> 45337
X67: (фамилия, инициалы) | AQ67: (подпись) | BH67: (дата)
A68: Представитель
A69: заказчика | X69: =BJ23 -> Тюкин Е.В. | BH69: =BH63 -> 45337
X70: (фамилия, инициалы) | AQ70: (подпись) | BH70: (дата)
A72: ВК произведен в соответствиями с требованиями НТД

Sheet подписанты
A2: Составлен представителями: | B2: ФИО | C2: Должность | D2: с | E2: до
A3: строительной организации | B3: Кострова Н.Л. | C3: Руководитель группы МТО АО «Газстройпроект» | D3: 44927 | E3: 45337
A4: строительной организации | B4: Журавлев Ю.С. | C4: Ведущий инженер МТО АО «Газстройпроект» | D4: 45337 | E4: 45657
A5: службы контроля качества | B5: Халыгов Э. А. | C5: Инженер отдела технического надзора АО «Газстройпроект» | D5: 45166 | E5: 45657
A6: службы контроля качества | B6: Ткаченко С.В. | C6: Ведущий инженер отдела технического надзора АО «Газстройпроект» | D6: 44927 | E6: 45166
A7: службы контроля качества | B7: Будянский А.С. | C7: Инженер отдела технического надзора АО «Газстройпроект» | D7: 45278 | E7: 45342 | F7: на период отпуска Ткаченко, на период отпуска Халыгова август 2024
A8: заказчика | B8: Лбова П.А. | C8: Главный специалист Отдела организации и контроля материально-технического обеспечения Управления по реализации проектов г. Санкт-Петербург ООО «Газпром инвест» | D8: 44927 | E8: 45657
A9: заказчика | B9: Тюкин Е.В. | C9: Начальник отдела организации и контроля материально-технического обеспечения Управления по реализации проектов авиационной инфраструктуры ГГС | F9: подписывает сейчас
B11: Тишаков ? ? | C11: Ведущий инженер МТО АО «Газстройпроект»

Sheet Лист общих данных
A5: № по ГП | B5: Наименование объекта | C5: Шифр чертежа КМ | D5: № последнего изм
A6: 61.6 | B6: Этап I.II. Топливозаправочный пункт. Операторная ТЗП | C6: ПП2020РД-1.2-61.6-ОВ1
A7: 61.17 | B7: Этап I.II. Служебное здание АС | C7: ПП2020РД-1.2-61.17-ОВ1
A8: 61.2 | B8: Этап I.II. Служебное здание ССТ со столовой | C8: ПП2020РД-1.2-61.2-ОВ1
A9: 56 | B9: Этап I.II. Аварийно-спасательная станция | C9: ПП2020РД-1.2-56-ОВ1
A10: 57 | B10: Этап I.II. Контрольно-пропускной пункт (КПП) с караульным помещением | C10: ПП2020РД-1.2-57-ОВ1
A11: 110 | B11: Этап I.II. Служебное здание службы электросвето-технического обеспечения полетов (ЭСТОП) | C11: ПП2020РД-1.2-110-ОВ1
A12: 111 | B12: Этап I.II. Складской комплекс службы ЭСТОП, сблокированный со стоянкой автомобилей | C12: ПП2020РД-1.2-111-ОВ1
